year,genre,rating,users_rating,votes,languages,runtime
1.0,1.0,1.0,6.5,120.0,1.0,100.0
1.0,2.0,2.0,6.4,8.0,1.0,80.0
1.0,3.0,1.0,5.4,17.0,1.0,92.0
1.0,4.0,1.0,9.1,27.0,1.0,129.0
1.0,5.0,2.0,7.6,33.0,1.0,109.0
1.0,6.0,1.0,6.1,153.0,1.0,101.0
1.0,1.0,1.0,6.2,21.0,2.0,90.0
1.0,3.0,2.0,6.1,7.0,1.0,85.0
1.0,3.0,2.0,5.9,67.0,1.0,109.0
1.0,5.0,1.0,8.5,54.0,1.0,117.0
1.0,3.0,2.0,6.3,150.0,1.0,110.0
1.0,5.0,1.0,6.1,239.0,1.0,102.0
1.0,5.0,1.0,7.5,678.0,1.0,121.0
1.0,5.0,1.0,6.9,15.0,1.0,94.0
1.0,3.0,2.0,6.4,9.0,1.0,95.0
1.0,5.0,1.0,7.2,82.0,1.0,93.0
1.0,3.0,2.0,6.2,5.0,1.0,86.0
1.0,6.0,1.5,6.0,11.0,1.0,86.0
1.0,7.0,3.0,6.2,10.0,1.0,95.0
1.0,6.0,1.0,6.3,71.0,1.0,98.0
2.0,3.0,2.0,5.3,47.0,1.0,91.0
2.0,6.0,2.0,6.3,6.0,1.0,97.0
2.0,5.0,2.0,8.2,280.0,1.0,112.0
2.0,5.0,3.0,8.0,13.0,1.0,106.0
2.0,6.0,1.0,5.9,39.0,1.0,86.0
2.0,5.0,1.0,7.8,48.0,1.0,107.0
2.0,5.0,1.0,7.1,34.0,1.0,93.0
2.0,5.0,1.0,7.8,16.0,1.0,118.0
2.0,5.0,1.0,4.7,11.0,1.0,97.0
2.0,6.0,1.0,8.8,23.0,1.0,103.0
2.0,5.0,2.0,7.2,98.0,1.0,108.0
2.0,3.0,2.0,6.2,5.0,1.0,75.0
2.0,6.0,1.0,7.3,358.0,1.0,119.0
2.0,6.0,1.0,7.2,9.0,1.0,95.0
2.0,6.0,1.0,6.0,33.0,1.0,94.0
2.0,5.0,1.0,7.3,9.0,1.0,103.0
2.0,6.0,1.0,7.0,43.0,1.0,96.0
2.0,3.0,1.0,4.7,102.0,1.0,90.0
2.0,8.0,2.0,7.2,17.0,1.0,83.0
2.0,3.0,2.0,6.4,146.0,1.0,91.0
2.0,5.0,1.0,6.6,724.0,1.0,121.0
2.0,5.0,3.0,7.8,39.0,1.0,99.0
2.0,4.0,2.0,5.3,390.0,1.0,97.0
2.0,5.0,1.0,8.0,763.0,1.0,113.0
2.0,5.0,1.0,6.2,27.0,1.0,102.0
2.0,6.0,1.0,6.8,261.0,1.0,97.0
2.0,8.0,4.0,6.5,3112.0,1.0,123.0
2.0,1.0,1.0,7.0,133.0,1.0,121.0
2.0,5.0,1.0,5.0,147.0,1.0,101.0
2.0,5.0,3.0,6.5,46.0,1.0,106.0
2.0,8.0,2.0,6.2,157.0,1.0,114.0
2.0,5.0,2.0,7.5,6.0,1.0,93.0
2.0,6.0,1.0,9.4,16.0,1.0,109.0
2.0,5.0,3.0,7.0,22.0,1.0,75.0
2.0,3.0,2.0,5.8,43.0,1.0,90.0
2.0,6.0,1.0,7.8,624.0,1.0,113.0
2.0,5.0,2.0,6.9,1877.0,1.0,106.0
2.0,5.0,3.0,6.6,8.0,1.0,101.0
2.0,3.0,2.0,6.5,35.0,1.0,119.0
2.0,3.0,2.0,4.5,6.0,1.0,76.0
2.0,6.0,1.0,6.6,23.0,1.0,110.0
2.0,3.0,1.0,4.5,6.0,1.0,75.0
2.0,3.0,2.0,5.0,10.0,1.0,84.0
2.0,6.0,1.0,5.8,19.0,1.0,92.0
2.0,5.0,3.0,6.8,9.0,1.0,91.0
2.0,5.0,1.0,8.4,5.0,1.0,123.0
2.0,3.0,1.0,4.8,73.0,1.0,100.0
2.0,3.0,2.0,6.4,18.0,1.0,92.0
2.0,6.0,3.0,5.9,14.0,1.0,108.0
2.0,5.0,1.0,6.7,53.0,1.0,95.0
2.0,6.0,1.0,7.4,57.0,1.0,97.0
2.0,3.0,2.0,7.8,5.0,1.0,75.0
2.0,3.0,1.0,5.4,14.0,1.0,94.5
2.0,6.0,1.0,6.0,125.0,1.0,86.0
2.0,5.0,2.0,7.0,372.0,1.0,92.0
2.0,3.0,2.0,6.5,11.0,1.0,90.0
2.0,6.0,1.0,5.9,78.0,1.0,96.0
2.0,3.0,2.0,4.3,127.0,1.0,95.0
2.0,5.0,1.0,7.1,121.0,1.0,102.0
2.0,5.0,2.0,5.5,385.0,1.0,116.0
2.0,3.0,2.0,6.9,57.0,1.0,85.0
2.0,6.0,1.0,7.5,49.0,1.0,96.0
2.0,6.0,1.0,7.3,35.0,1.0,93.0
2.0,5.0,1.0,7.0,28.0,1.0,92.0
2.0,6.0,1.0,6.1,22.0,1.0,92.0
2.0,4.0,1.0,6.6,305.0,1.0,96.0
2.0,3.0,1.0,5.0,5.0,1.0,100.0
2.0,6.0,1.0,6.4,431.0,1.0,96.0
2.0,6.0,1.0,5.5,24.0,1.0,96.0
2.0,6.0,1.0,7.2,36.0,1.0,101.0
2.0,3.0,2.0,5.3,22.0,1.0,80.0
2.0,3.0,2.0,6.3,9.0,1.0,87.5
2.0,4.0,1.0,5.9,84.0,1.0,90.0
2.0,5.0,1.0,8.1,25.0,1.0,96.0
2.0,6.0,1.0,7.0,117.0,1.0,94.0
2.0,6.0,1.0,6.8,373.0,1.0,100.0
2.0,3.0,2.0,6.8,531.0,1.0,99.0
2.0,5.0,1.0,5.9,12.0,1.0,93.0
2.0,3.0,2.0,4.9,9.0,1.0,80.0
2.0,3.0,1.5,4.9,7.0,1.0,72.0
2.0,3.0,2.0,6.5,22.0,1.0,90.0
2.0,3.0,2.0,2.0,61.0,1.0,86.0
2.0,5.0,2.0,5.1,37.0,1.0,102.0
2.0,5.0,3.0,7.8,13.0,1.0,96.0
2.0,6.0,1.0,7.5,37.0,1.0,104.0
2.0,5.0,3.0,5.7,9.0,1.0,94.0
2.0,3.0,2.0,6.3,27.0,1.0,94.0
2.0,5.0,1.0,7.3,11.0,1.0,106.0
2.0,3.0,2.0,6.3,42.0,1.0,89.0
2.0,5.0,1.0,8.1,11.0,1.0,94.0
2.0,5.0,1.0,7.0,148.0,1.0,95.0
2.0,3.0,2.0,5.6,42.0,1.0,116.0
2.0,5.0,1.0,7.8,53.0,1.0,100.0
2.0,6.0,1.0,7.2,75.0,1.0,128.0
2.0,1.0,1.0,7.5,141.0,1.0,96.0
2.0,3.0,2.0,5.6,19.0,1.0,96.0
2.0,3.0,2.0,5.2,19.0,1.0,90.0
2.0,5.0,1.0,7.8,10.0,1.0,101.0
2.0,6.0,1.0,7.0,278.0,1.0,106.0
2.0,5.0,1.0,3.7,53.0,1.0,98.0
2.0,3.0,2.0,6.9,54.0,1.0,111.0
2.0,4.0,1.5,3.9,10.0,1.0,90.5
2.0,5.0,1.0,7.5,19.0,1.0,94.0
2.0,5.0,2.0,6.6,514.0,1.0,181.0
2.0,4.0,1.0,5.8,16.0,1.0,97.0
2.0,5.0,2.0,5.8,165.0,1.0,103.0
2.0,3.0,1.0,4.8,12.0,1.0,92.0
2.0,4.0,1.0,4.4,102.0,1.0,103.0
2.0,5.0,2.0,5.9,112.0,1.0,100.0
2.0,6.0,1.0,7.2,197.0,1.0,109.0
2.0,8.0,2.0,5.8,12.0,1.0,90.5
3.0,1.0,1.0,6.9,483.0,1.0,183.5
3.0,3.0,1.0,5.6,41.0,1.0,107.0
3.0,5.0,1.5,5.0,71.0,1.0,85.0
3.0,8.0,1.0,6.2,121.0,1.0,71.0
3.0,6.0,3.0,7.0,24.0,1.0,89.0
3.0,1.0,1.0,8.7,4235.0,1.0,102.0
3.0,3.0,5.0,5.2,28.0,1.0,75.0
3.0,4.0,2.0,5.2,61.0,1.0,82.0
3.0,6.0,1.0,8.0,52.0,1.0,91.0
3.0,5.0,2.0,7.5,84.0,1.0,86.5
3.0,5.0,2.0,7.3,539.0,1.0,106.0
3.0,3.0,2.0,3.7,45.0,1.0,104.0
3.0,3.0,1.0,5.3,17.0,1.0,99.0
3.0,5.0,1.0,7.5,59.0,1.0,88.0
3.0,3.0,2.0,5.3,156.0,1.0,77.0
3.0,5.0,3.0,7.8,14.0,1.0,101.0
3.0,5.0,2.0,7.3,234.0,1.0,85.0
3.0,6.0,1.0,8.8,23.0,1.0,87.0
3.0,3.0,2.0,6.6,7.0,1.0,93.0
3.0,4.0,1.0,7.1,89.0,1.0,107.0
3.0,6.0,2.0,2.9,213.0,1.0,102.0
3.0,3.0,1.0,4.9,34.0,1.0,87.0
3.0,6.0,1.0,5.7,52.0,1.0,91.0
3.0,8.0,6.0,5.8,1004.0,1.0,102.0
3.0,6.0,1.0,8.3,9.0,1.0,97.0
3.0,6.0,1.0,6.1,54.0,1.0,83.0
3.0,5.0,7.0,8.1,59.0,1.0,101.0
3.0,3.0,2.0,5.7,354.0,1.0,92.0
3.0,5.0,1.0,8.0,195.0,1.0,101.0
3.0,5.0,1.0,7.3,2799.0,1.0,127.0
3.0,6.0,1.0,6.2,63.0,1.0,98.0
3.0,3.0,2.0,6.6,22.0,1.0,88.0
3.0,5.0,1.0,6.8,329.0,1.0,101.5
3.0,6.0,1.0,6.4,72.0,1.0,88.0
3.0,3.0,1.0,4.8,19.0,1.0,84.0
3.0,6.0,1.0,5.2,49.0,1.0,79.0
3.0,5.0,1.0,1.2,3490.0,1.0,90.0
3.0,8.0,1.0,7.2,42.0,1.0,91.0
3.0,3.0,2.0,6.9,140.0,1.0,83.0
3.0,3.0,1.0,4.0,109.0,1.0,83.0
3.0,3.0,1.0,4.7,16.0,1.0,79.0
3.0,5.0,1.0,9.1,240.0,1.0,93.5
3.0,5.0,2.0,7.0,367.0,1.0,97.0
3.0,5.0,3.0,7.9,558.0,1.0,110.0
3.0,5.0,5.0,6.5,22.0,1.0,79.5
3.0,6.0,1.0,7.0,8.0,1.0,99.0
3.0,5.0,1.0,7.4,11.0,1.0,92.0
3.0,5.0,3.0,7.3,35.0,1.0,91.0
3.0,5.0,2.0,7.5,337.0,1.0,105.0
3.0,4.0,3.0,7.8,201.0,1.0,112.0
3.0,6.0,4.0,4.8,493.0,1.0,105.0
3.0,5.0,1.0,7.5,11.0,3.0,94.0
3.0,5.0,2.0,6.8,36.0,1.0,96.0
3.0,5.0,5.0,7.4,792.0,1.0,100.0
3.0,6.0,1.0,7.2,11.0,1.0,94.0
3.0,3.0,6.0,6.0,3015.0,1.0,110.0
3.0,5.0,1.0,8.0,53.0,1.0,96.0
3.0,5.0,2.0,7.4,21.0,1.0,82.0
3.0,8.0,5.0,6.0,2486.0,1.0,91.0
3.0,6.0,1.0,7.4,558.0,1.0,101.0
3.0,9.0,1.0,7.5,24.0,1.0,112.0
3.0,5.0,3.5,6.9,21.0,1.0,78.5
3.0,8.0,1.0,6.3,98.0,1.0,110.5
3.0,5.0,3.0,7.0,34.0,1.0,92.0
3.0,5.0,1.0,7.2,45.0,1.0,98.0
3.0,3.0,2.0,5.4,69.0,1.0,90.0
3.0,6.0,2.0,5.0,67.0,1.0,98.0
3.0,5.0,1.0,8.4,32.0,1.0,98.0
3.0,5.0,1.0,7.9,185.0,1.0,99.0
3.0,3.0,1.0,5.7,18.0,1.0,93.5
3.0,3.0,2.0,4.2,1397.0,1.0,113.0
3.0,3.0,1.0,5.4,50.0,1.0,84.5
3.0,3.0,2.0,6.8,39.0,1.0,90.0
3.0,5.0,1.0,8.5,65.0,1.0,107.0
3.0,3.0,2.0,6.5,52.0,1.0,90.0
3.0,6.0,2.0,6.6,49.0,1.0,89.0
3.0,5.0,1.0,7.1,370.0,1.0,85.0
3.0,6.0,1.0,7.4,11.0,1.0,92.0
3.0,3.0,2.0,5.3,33.0,1.0,80.0
3.0,8.0,2.0,6.4,111.0,1.0,107.0
3.0,5.0,1.0,8.2,92.0,1.0,100.0
3.0,8.0,1.0,6.9,140.0,1.0,148.0
3.0,6.0,2.0,5.6,736.0,1.0,125.0
3.0,6.0,1.0,4.0,359.0,1.0,93.0
3.0,1.0,1.0,7.4,58.0,1.0,86.5
3.0,5.0,2.0,7.5,57.0,1.0,92.5
3.0,8.0,6.0,7.0,19856.0,1.0,121.0
3.0,5.0,2.0,7.1,53.0,1.0,108.0
3.0,3.0,1.0,6.0,18.0,1.0,88.0
3.0,3.0,2.0,3.5,27.0,1.0,82.0
3.0,3.0,2.0,6.6,8.0,1.0,90.0
3.0,3.0,2.0,7.3,6.0,1.0,92.0
3.0,3.0,1.0,2.4,18.0,1.0,82.0
3.0,5.0,1.0,7.3,11.0,1.0,88.0
3.0,4.0,1.0,2.8,8.0,1.0,115.0
3.0,8.0,1.0,7.2,1327.0,1.0,123.0
3.0,6.0,1.0,8.4,3080.0,1.0,116.5
4.0,3.0,1.0,3.5,17.0,1.0,78.0
4.0,8.0,1.5,6.7,14.0,1.0,106.0
4.0,5.0,1.5,7.5,138.0,1.0,115.5
4.0,3.0,1.0,5.1,17.0,1.0,89.0
4.0,6.0,1.0,6.3,15.0,1.0,92.0
4.0,6.0,2.0,7.4,17.0,1.0,99.0
4.0,8.0,8.0,5.3,17778.0,2.0,106.0
4.0,6.0,1.0,7.2,102.0,1.0,104.0
4.0,1.0,1.0,7.3,61.0,1.0,92.5
4.0,5.0,2.0,7.3,561.0,1.0,135.0
4.0,3.0,1.0,5.4,623.0,1.0,74.0
4.0,5.0,1.0,7.0,357.0,1.0,99.0
4.0,6.0,2.0,7.2,13.0,1.0,95.0
4.0,5.0,1.0,8.7,25.0,1.0,92.5
4.0,4.0,1.0,7.3,321.0,1.0,108.0
4.0,5.0,2.0,6.6,191.0,1.0,112.0
4.0,3.0,1.0,4.8,64.0,1.0,85.5
4.0,3.0,2.0,6.0,5.0,1.0,91.0
4.0,5.0,1.0,7.5,75.0,1.0,96.0
4.0,6.0,1.5,5.7,83.0,1.0,83.0
4.0,3.0,1.0,3.7,221.0,1.0,86.0
4.0,6.0,2.0,6.6,74.0,1.0,117.0
4.0,5.0,2.0,8.2,16.0,1.0,104.0
4.0,1.0,3.0,7.7,336.0,1.0,122.0
4.0,3.0,1.0,3.5,110.0,1.0,92.5
4.0,5.0,2.0,7.6,9.0,1.0,100.0
4.0,5.0,3.0,7.0,7.0,1.0,101.0
4.0,5.0,2.5,7.0,20.0,1.0,83.0
4.0,5.0,5.0,7.0,2350.0,1.0,93.0
4.0,6.0,1.0,7.6,8.0,1.0,98.0
4.0,5.0,6.0,5.1,1059.0,1.0,107.0
4.0,6.0,2.0,7.5,13.0,1.0,103.0
4.0,8.0,2.5,8.7,69.0,1.0,95.0
4.0,3.0,1.0,6.5,105.0,1.0,95.0
4.0,5.0,1.0,7.2,107.0,1.0,129.0
4.0,5.0,2.0,6.5,10.0,1.0,94.0
4.0,5.0,1.0,7.0,62.0,1.0,106.0
4.0,10.0,2.0,7.1,145.0,1.0,139.0
4.0,5.0,1.0,6.8,151.0,1.0,102.0
4.0,5.0,1.5,6.8,8.0,1.0,100.5
4.0,8.0,1.5,8.0,71.0,1.0,91.5
4.0,3.0,2.0,6.6,54.0,1.0,100.5
4.0,5.0,4.5,7.3,740.0,1.0,102.0
4.0,4.0,1.0,1.4,880.0,1.0,91.0
4.0,3.0,2.0,4.0,65.0,1.0,89.0
4.0,5.0,7.0,6.6,6877.0,1.0,107.0
4.0,8.0,1.0,3.2,37.0,1.0,92.0
4.0,5.0,5.0,6.4,45.0,1.0,100.0
4.0,8.0,1.0,7.9,7.0,1.0,98.0
4.0,5.0,1.5,6.9,298.0,1.0,83.0
4.0,7.0,3.0,6.4,90.0,1.0,113.0
4.0,5.0,1.0,8.0,27.0,1.0,89.5
4.0,6.0,1.0,6.7,111.0,1.0,98.0
4.0,5.0,1.0,7.7,6.0,1.0,88.0
4.0,5.0,1.0,7.0,370.0,1.0,90.0
4.0,5.0,8.0,7.4,121.0,1.0,121.5
4.0,5.0,1.0,8.8,62.0,3.0,104.5
4.0,5.0,1.0,7.1,359.0,1.0,121.0
4.0,6.0,3.0,7.1,773.0,1.0,110.0
4.0,6.0,1.0,7.3,285.0,1.0,110.0
4.0,5.0,3.0,6.8,20.0,1.0,84.0
4.0,3.0,1.0,5.3,19.0,1.0,86.0
4.0,3.0,4.0,5.4,398.0,1.0,117.0
4.0,6.0,1.0,6.7,254.0,1.0,115.0
4.0,6.0,1.0,7.1,63.0,1.0,99.0
4.0,4.0,1.0,7.3,61.0,1.0,103.0
4.0,3.0,1.5,5.8,33.0,1.0,83.5
4.0,8.0,1.0,4.7,504.0,1.0,105.0
4.0,5.0,1.0,5.6,533.0,1.0,125.0
4.0,1.0,2.0,8.8,43.0,1.0,89.5
4.0,4.0,1.0,5.5,404.0,1.0,117.5
5.0,1.0,1.0,6.6,196.0,1.0,105.0
5.0,5.0,1.0,6.5,51.0,1.0,85.0
5.0,5.0,3.0,8.0,6.0,1.0,101.0
5.0,8.0,1.0,1.6,49.0,1.0,94.0
5.0,8.0,1.0,6.4,14.0,1.0,98.0
5.0,4.0,1.0,4.4,153.0,1.0,100.0
5.0,6.0,5.5,6.6,52.0,1.0,103.0
5.0,6.0,1.0,8.0,1472.0,1.0,104.0
5.0,5.0,3.0,7.9,34.0,1.0,96.5
5.0,8.0,1.0,6.1,307.0,1.0,100.0
5.0,11.0,1.0,7.2,15.0,1.0,105.0
5.0,5.0,1.0,7.1,109.0,1.0,77.0
5.0,4.0,1.5,6.5,98.0,1.0,113.0
5.0,6.0,1.0,5.9,564.0,1.0,101.0
5.0,8.0,7.0,6.3,12507.0,1.0,118.0
5.0,5.0,1.0,7.2,12.0,1.0,115.0
5.0,5.0,1.5,6.0,111.0,1.0,102.0
5.0,2.0,1.5,5.8,18.0,1.0,77.0
5.0,5.0,1.5,6.7,40.0,1.0,124.0
5.0,5.0,9.0,7.0,22.0,1.0,100.0
5.0,4.0,9.0,7.3,217.0,1.0,97.0
5.0,8.0,3.0,5.3,23.0,1.0,96.0
5.0,5.0,2.0,6.9,14.0,1.0,112.0
5.0,5.0,2.5,7.0,7.0,1.0,102.0
5.0,8.0,2.0,6.0,6.0,1.0,106.0
5.0,5.0,3.0,8.3,67.0,1.0,118.0
5.0,6.0,4.5,6.6,449.0,1.0,102.5
5.0,12.0,2.0,7.2,11.0,1.0,105.5
5.0,5.0,2.0,6.2,12.0,1.0,89.0
5.0,6.0,1.0,7.5,48.0,1.0,91.5
5.0,8.0,9.0,6.6,53.0,1.0,100.0
5.0,4.0,3.0,8.4,16.0,1.0,101.0
5.0,6.0,1.5,7.2,1241.0,1.0,108.0
5.0,5.0,5.5,7.1,17.0,1.0,90.0
5.0,5.0,1.0,5.6,14.0,1.0,102.0
5.0,6.0,2.5,7.5,6.0,1.0,104.0
5.0,1.0,1.0,7.5,644.0,1.0,119.5
5.0,3.0,1.0,5.4,16.0,1.0,89.0
5.0,5.0,1.5,7.5,279.0,1.0,109.0
5.0,6.0,1.5,6.4,35.0,1.0,102.0
5.0,5.0,1.5,7.4,13.0,1.0,113.5
5.0,1.0,9.0,8.5,29.0,1.0,89.0
5.0,5.0,1.0,8.6,9.0,1.0,88.0
5.0,6.0,3.0,7.1,19.0,1.0,108.0
5.0,5.0,5.5,7.8,22.0,1.0,99.0
5.0,5.0,8.0,7.2,262.0,1.0,97.0
5.0,6.0,1.5,7.3,86.0,1.0,101.0
5.0,11.0,8.0,8.4,5.0,1.0,95.5
5.0,5.0,3.0,7.1,46.0,2.0,94.0
5.0,5.0,3.0,6.6,25.0,1.0,100.0
5.0,3.0,1.5,5.3,521.0,1.0,107.0
5.0,4.0,1.5,7.4,8.0,1.0,98.0
5.0,8.0,1.0,6.4,39.0,1.0,95.0
5.0,2.0,9.0,5.8,8.0,1.0,90.0
5.0,5.0,1.5,8.0,11.0,1.0,99.0
5.0,8.0,1.5,2.2,247.0,1.0,90.0
5.0,5.0,1.0,7.7,59.0,1.0,83.0
5.0,6.0,1.5,6.6,128.0,1.0,88.0
5.0,4.0,3.5,6.5,1049.0,1.0,135.5
5.0,5.0,1.0,7.4,1650.0,1.0,123.0
5.0,11.0,1.0,7.8,17.0,1.0,103.0
5.0,5.0,1.0,8.0,29.0,1.0,87.0
6.0,8.0,3.0,5.9,24.0,1.0,116.0
6.0,6.0,1.5,5.6,5.0,1.0,86.0
6.0,8.0,1.5,7.3,292.0,1.0,123.0
6.0,5.0,4.0,7.2,698.0,1.0,116.0
6.0,5.0,9.0,8.6,19.0,1.0,76.0
6.0,5.0,2.5,5.4,5.0,1.0,90.5
6.0,4.0,2.0,6.0,213.0,1.0,109.0
6.0,5.0,1.0,7.3,20.0,1.0,91.0
6.0,3.0,2.0,6.2,5.0,1.0,83.0
6.0,5.0,1.5,6.8,14.0,1.0,98.5
6.0,3.0,1.5,5.4,125.0,1.0,92.5
6.0,8.0,1.0,6.3,327.0,1.0,103.0
6.0,5.0,1.0,6.7,36.0,1.0,105.5
6.0,6.0,3.0,5.3,26.0,1.0,91.0
6.0,5.0,1.0,7.1,604.0,1.0,117.0
6.0,8.0,6.5,5.9,31.0,1.0,99.0
6.0,8.0,1.5,3.6,14.0,1.0,85.0
6.0,1.0,3.0,7.3,92.0,1.0,161.0
6.0,6.0,2.0,5.6,16.0,1.0,100.0
6.0,8.0,3.0,7.3,32.0,1.0,105.5
6.0,3.0,5.0,6.2,11.0,1.0,87.5
6.0,6.0,3.0,7.3,202.0,1.0,110.5
6.0,6.0,2.0,4.8,5.0,1.0,95.0
6.0,5.0,2.0,7.8,12.0,1.0,83.0
6.0,1.0,5.5,7.7,26.0,1.0,95.5
6.0,6.0,3.0,5.3,47.0,1.0,95.0
6.0,5.0,3.0,6.2,43.0,1.0,96.0
6.0,5.0,2.0,6.5,19.0,1.0,103.0
6.0,4.0,2.5,7.7,71.0,1.0,94.0
6.0,5.0,2.5,6.1,56.0,1.0,80.0
6.0,3.0,2.0,5.0,9.0,1.0,81.0
6.0,5.0,5.5,6.7,15.0,1.0,106.0
6.0,5.0,1.5,6.2,8.0,1.0,80.0
6.0,4.0,8.5,7.4,269.0,1.0,87.5
6.0,6.0,2.0,7.0,392.0,1.0,107.0
6.0,7.0,4.0,7.1,2714.0,1.0,99.0
6.0,8.0,3.0,6.1,14.0,1.0,90.0
6.0,4.0,8.0,6.1,11.0,1.0,85.0
6.0,4.0,5.0,7.2,21.0,1.0,98.0
6.0,6.0,1.0,6.8,628.0,1.0,127.0
6.0,8.0,1.5,6.7,10.0,1.0,97.0
6.0,6.0,2.0,6.0,66.0,1.0,126.0
6.0,5.0,1.0,7.8,2135.0,1.0,108.5
6.0,5.0,2.5,7.1,89.0,1.0,119.0
6.0,6.0,3.0,6.8,26.0,1.0,109.0
6.0,5.0,3.0,7.4,45.0,1.0,95.0
6.0,10.0,4.0,5.8,146.0,2.0,97.0
6.0,11.0,5.0,8.9,60.0,1.0,91.5
6.0,3.0,9.0,6.0,90.0,1.0,95.0
6.0,3.0,5.0,5.8,22.0,1.0,100.0
7.0,5.0,2.0,8.6,66.0,1.0,110.0
7.0,8.0,2.0,6.9,35.0,1.0,109.0
7.0,5.0,3.0,7.3,32.0,1.0,106.5
7.0,5.0,2.5,6.6,29.0,1.0,90.0
7.0,5.0,1.0,7.1,77.0,1.0,97.0
7.0,4.0,5.5,6.0,25.0,1.0,102.0
7.0,6.0,3.0,7.0,42.0,1.0,93.0
7.0,3.0,5.5,6.8,13.0,1.0,90.0
7.0,5.0,2.5,7.2,231.0,1.0,102.0
7.0,8.0,5.0,7.0,5.0,1.0,93.0
7.0,6.0,1.5,5.6,111.0,1.0,101.0
7.0,8.0,2.0,7.0,839.0,1.0,106.0
7.0,3.0,1.0,6.1,7.0,1.0,90.0
7.0,8.0,7.0,4.2,143.0,2.0,91.0
7.0,4.0,5.5,6.1,17.0,1.0,99.5
7.0,1.0,1.0,8.1,59.0,1.0,102.0
7.0,8.0,7.0,6.4,4710.0,4.0,137.0
7.0,6.0,2.5,6.0,30.0,1.0,94.0
7.0,8.0,3.0,1.7,10.0,1.0,57.0
7.0,6.0,8.0,7.4,16.0,1.0,90.0
7.0,3.0,2.0,6.5,52.0,1.0,95.0
7.0,5.0,2.5,7.3,27.0,1.0,99.5
7.0,6.0,5.0,6.9,275.0,1.0,100.5
7.0,1.0,2.0,6.7,160.0,1.0,85.5
7.0,5.0,5.0,7.2,12.0,1.0,86.5
7.0,3.0,1.0,5.3,48.0,1.0,94.5
7.0,8.0,7.0,6.2,722.0,1.0,111.0
7.0,5.0,2.5,6.4,26.0,1.0,90.0
7.0,5.0,2.0,7.5,64.0,1.0,106.0
7.0,8.0,5.5,6.2,18.0,1.0,90.0
7.0,5.0,1.5,7.3,161.0,1.0,94.0
7.0,5.0,5.5,7.5,210.0,1.0,95.0
7.0,5.0,5.0,5.9,13.0,1.0,85.0
7.0,8.0,1.5,6.6,83.0,1.0,86.5
7.0,5.0,3.0,8.4,16.0,1.0,97.0
7.0,5.0,5.5,6.4,289.0,1.0,135.0
7.0,5.0,3.0,7.6,118.0,1.0,107.0
7.0,6.0,3.0,5.5,25.0,1.0,83.0
7.0,8.0,8.0,8.0,112091.0,1.0,150.0
7.0,5.0,2.5,7.3,31.0,1.0,101.0
7.0,5.0,2.0,8.2,8.0,1.0,87.5
7.0,6.0,2.0,7.6,28.0,1.0,99.5
7.0,1.0,1.5,8.2,152.0,1.0,151.0
8.0,3.0,6.0,6.5,93.0,1.0,141.0
8.0,1.0,1.0,8.2,61.0,2.0,114.0
8.0,4.0,5.5,6.2,173.0,1.0,107.0
8.0,5.0,8.0,5.7,20979.0,2.0,107.0
8.0,5.0,1.5,6.9,7.0,1.0,102.5
8.0,3.0,3.0,5.3,41.0,1.0,83.0
8.0,6.0,1.0,6.8,41.0,1.0,90.0
8.0,6.0,2.5,6.5,6.0,1.0,97.0
8.0,6.0,1.0,6.2,329.0,1.0,98.0
8.0,6.0,5.0,6.5,177.0,1.0,90.0
8.0,5.0,2.0,7.8,11.0,1.0,90.0
8.0,5.0,1.0,8.2,10.0,1.0,95.0
8.0,5.0,1.0,3.8,125.0,1.0,90.0
8.0,11.0,2.0,6.9,10.0,1.0,97.0
8.0,6.0,3.5,7.0,10.0,4.0,80.0
8.0,6.0,2.5,6.8,25.0,1.0,104.0
8.0,8.0,3.0,6.3,26.0,1.0,90.0
8.0,6.0,6.5,6.7,31.0,1.0,112.0
8.0,8.0,1.5,6.9,129.0,1.0,90.0
8.0,5.0,5.0,8.4,23.0,1.0,99.0
8.0,6.0,2.0,5.2,5.0,1.0,94.5
8.0,8.0,8.0,5.1,4618.0,2.0,119.5
8.0,1.0,5.5,6.9,170.0,1.0,117.0
8.0,3.0,3.5,4.5,15.0,1.0,83.0
8.0,3.0,1.5,6.8,5.0,1.0,86.5
8.0,6.0,5.0,4.5,15.0,1.0,91.5
8.0,5.0,2.5,4.4,5.0,1.0,104.0
8.0,5.0,1.0,6.2,76.0,1.0,100.0
8.0,5.0,3.0,6.6,94.0,5.0,115.5
8.0,5.0,3.5,6.3,7.0,1.0,107.0
8.0,5.0,2.0,7.7,63.0,1.0,107.0
8.0,6.0,1.5,6.0,81.0,1.0,98.5
8.0,5.0,1.0,6.7,111.0,1.0,101.0
8.0,3.0,6.5,5.0,14.0,1.0,89.0
8.0,5.0,2.5,7.0,26.0,1.0,97.0
8.0,5.0,3.0,6.9,18.0,1.0,100.0
8.0,6.0,5.5,6.8,121.0,1.0,121.5
8.0,6.0,5.0,6.1,8.0,1.0,83.0
8.0,5.0,2.5,7.2,209.0,1.0,110.0
8.0,5.0,2.5,6.7,97.0,1.0,110.0
8.0,5.0,3.0,6.2,17.0,1.0,99.0
8.0,5.0,1.5,5.4,7.0,1.0,102.0
8.0,5.0,3.0,9.2,19.0,1.0,101.5
8.0,8.0,5.0,6.7,119.0,1.0,136.0
8.0,5.0,2.0,6.7,21.0,1.0,112.0
8.0,1.0,4.0,7.0,428.0,1.0,137.0
8.0,1.0,1.0,7.3,61.0,1.0,90.0
8.0,5.0,2.0,6.2,23.0,1.0,55.0
8.0,5.0,1.5,7.4,518.0,1.0,89.0
8.0,6.0,1.5,5.4,24.0,1.0,75.0
8.0,8.0,1.5,7.8,12.0,1.0,86.0
8.0,5.0,1.5,7.0,113.0,1.0,100.0
8.0,8.0,3.0,2.6,37.0,1.0,71.0
8.0,5.0,1.0,7.6,1023.0,6.0,164.0
8.0,8.0,5.0,7.5,8.0,1.0,108.0
8.0,3.0,8.0,6.0,35414.0,2.0,96.0
8.0,5.0,2.0,6.7,19.0,1.0,98.0
8.0,5.0,7.0,7.1,221.0,1.0,104.0
9.0,5.0,1.5,4.7,6.0,1.0,88.0
9.0,6.0,2.5,4.7,27.0,1.0,80.0
9.0,4.0,1.0,7.2,1709.0,1.0,125.0
9.0,5.0,5.5,6.9,15.0,1.0,90.0
9.0,5.0,5.0,6.1,41.0,1.0,90.0
9.0,3.0,5.5,5.0,22.0,1.0,82.5
9.0,3.0,7.0,4.5,13.0,1.0,77.0
9.0,3.0,5.5,6.2,174.0,1.0,100.0
9.0,5.0,2.0,6.6,34.0,1.0,91.5
9.0,5.0,6.5,5.0,9.0,1.0,84.0
9.0,5.0,2.0,7.9,20.0,1.0,105.0
9.0,5.0,6.0,7.2,61.0,1.0,96.0
9.0,5.0,2.0,7.3,9.0,1.0,80.0
9.0,5.0,2.0,6.4,23.0,1.0,108.0
9.0,5.0,2.0,6.8,34.0,1.0,94.0
9.0,6.0,3.0,6.8,38.0,1.0,83.5
9.0,5.0,2.5,6.9,29.0,1.0,75.0
9.0,5.0,9.0,6.9,42.0,1.0,79.0
9.0,3.0,2.0,2.4,17.0,1.0,80.0
9.0,5.0,9.0,8.0,74.0,1.0,110.0
9.0,6.0,2.0,2.3,14.0,1.0,80.0
9.0,5.0,6.0,3.6,17.0,1.0,95.0
9.0,1.0,1.0,7.6,1783.0,1.0,120.0
9.0,8.0,10.0,7.7,31.0,1.0,105.5
9.0,5.0,3.0,6.9,18.0,1.0,110.0
9.0,3.0,1.0,6.7,49.0,1.0,94.0
9.0,5.0,3.5,4.7,7.0,1.0,97.0
9.0,6.0,5.0,5.7,6.0,1.0,85.0
9.0,3.0,5.5,3.6,23.0,1.0,81.0
9.0,6.0,2.5,5.2,26.0,1.0,76.0
9.0,5.0,8.5,6.2,273.0,1.0,95.0
9.0,5.0,4.0,7.9,10.0,1.0,104.0
9.0,6.0,4.0,3.5,31.0,1.0,77.0
9.0,3.0,7.0,5.4,11.0,1.0,77.0
9.0,3.0,3.5,6.4,13.0,1.0,81.0
9.0,5.0,1.5,6.6,8.0,1.0,90.0
9.0,5.0,6.0,7.8,71.0,1.0,104.0
9.0,6.0,2.0,7.5,65.0,1.0,137.0
9.0,5.0,1.5,6.3,40.0,1.0,90.0
9.0,5.0,3.5,5.0,6.0,1.0,79.0
9.0,6.0,4.5,6.2,6.0,1.0,91.0
9.0,5.0,5.5,6.2,18.0,1.0,88.0
9.0,4.0,5.5,6.9,176.0,1.0,114.0
9.0,6.0,9.0,4.8,41.0,1.0,79.0
9.0,3.0,3.5,3.5,6.0,1.0,80.0
9.0,5.0,2.5,6.8,25.0,1.0,90.0
9.0,5.0,1.5,7.0,519.0,1.0,111.0
9.0,5.0,2.0,6.8,235.0,1.0,100.0
9.0,7.0,1.5,3.6,7.0,1.0,92.0
9.0,3.0,2.5,4.6,29.0,1.0,84.0
9.0,6.0,1.0,6.4,115.0,1.0,94.0
9.0,5.0,9.0,7.6,42.0,1.0,100.0
9.0,5.0,2.5,7.3,54.0,1.0,105.0
9.0,3.0,3.5,3.7,9.0,1.0,79.0
9.0,3.0,7.0,3.6,12.0,1.0,74.0
9.0,3.0,5.0,5.9,76.0,1.0,102.0
9.0,6.0,6.0,7.4,65.0,1.0,100.0
9.0,5.0,2.5,7.0,29.0,1.0,107.0
9.0,5.0,2.0,8.0,37.0,1.0,83.5
9.0,5.0,2.5,6.7,7.0,1.0,98.0
9.0,3.0,3.5,3.1,7.0,1.0,77.0
9.0,5.0,6.0,6.6,15.0,1.0,100.0
9.0,5.0,3.5,6.3,7.0,1.0,82.0
9.0,1.0,5.5,6.2,117.0,1.0,115.0
9.0,6.0,3.0,7.1,56.0,1.0,102.5
9.0,3.0,2.0,4.2,20.0,1.0,84.0
9.0,5.0,1.0,6.9,102.0,1.0,91.0
9.0,6.0,5.5,7.1,134.0,1.0,105.0
9.0,5.0,3.0,6.3,39.0,2.0,84.0
9.0,5.0,3.0,6.2,18.0,1.0,87.0
9.0,5.0,3.0,7.6,16.0,1.0,104.0
9.0,5.0,2.5,4.7,57.0,1.0,90.0
9.0,5.0,3.5,7.6,9.0,1.0,73.0
10.0,3.0,2.0,5.3,19.0,1.0,80.0
10.0,6.0,2.5,5.2,27.0,1.0,78.0
10.0,5.0,5.5,3.2,20.0,1.0,81.0
10.0,5.0,4.5,7.2,6.0,1.0,89.0
10.0,6.0,5.5,6.6,157.0,1.0,119.0
10.0,6.0,2.0,2.9,35.0,1.0,90.0
10.0,6.0,5.0,2.8,35.0,1.0,77.0
10.0,5.0,2.5,6.7,25.0,1.0,99.0
10.0,4.0,3.0,7.6,37.0,1.0,90.5
10.0,5.0,7.0,6.7,11.0,1.0,95.0
10.0,5.0,2.0,7.5,26.0,1.0,97.5
10.0,5.0,5.5,5.7,18.0,1.0,87.0
10.0,6.0,6.5,5.4,30.0,1.0,80.0
10.0,8.0,4.5,6.8,125.0,1.0,96.0
10.0,6.0,7.0,5.9,13.0,1.0,102.0
10.0,5.0,3.5,5.0,7.0,1.0,84.0
10.0,5.0,7.0,4.8,13.0,1.0,86.0
10.0,3.0,6.0,3.7,18.0,1.0,90.0
10.0,5.0,3.0,7.4,92.0,1.0,121.0
10.0,10.0,9.0,7.2,61.0,1.0,100.0
10.0,8.0,2.5,6.3,7.0,2.0,103.0
10.0,5.0,3.0,6.4,104.0,1.0,100.0
10.0,6.0,5.0,5.5,39.0,1.0,95.0
10.0,5.0,3.0,7.2,98.0,1.0,102.0
10.0,3.0,2.0,4.0,66.0,1.0,78.0
10.0,3.0,7.0,5.8,11.0,1.0,80.0
10.0,5.0,7.0,6.2,13.0,1.0,105.0
10.0,6.0,2.5,6.4,25.0,1.0,103.0
10.0,6.0,3.0,4.8,25.0,1.0,90.0
10.0,6.0,7.0,4.6,11.0,1.0,78.0
10.0,6.0,5.5,3.2,16.0,1.0,83.0
10.0,5.0,8.5,6.6,14.0,1.0,90.0
10.0,6.0,9.0,2.4,20.0,1.0,79.0
10.0,5.0,6.0,6.6,16.0,1.0,93.0
10.0,5.0,1.0,7.1,78.0,1.0,100.0
10.0,13.0,2.0,7.1,52.0,1.0,88.0
10.0,4.0,7.0,6.5,13.0,1.0,100.0
10.0,5.0,2.0,7.3,27.0,1.0,96.0
10.0,5.0,2.5,7.2,208.0,1.0,76.0
10.0,5.0,2.0,6.8,19.0,1.0,98.0
10.0,6.0,3.5,2.5,6.0,1.0,82.0
10.0,5.0,5.0,7.6,37.0,1.0,89.0
10.0,3.0,6.5,6.2,11.0,1.0,78.5
10.0,8.0,8.0,6.1,105.0,2.0,103.0
10.0,6.0,6.0,5.2,16.0,1.0,83.0
10.0,6.0,4.5,4.7,7.0,1.0,89.0
10.0,6.0,7.0,3.8,39.0,1.0,76.0
10.0,3.0,5.0,3.5,11.0,1.0,74.5
10.0,3.0,5.5,4.0,20.0,1.0,87.0
10.0,5.0,6.0,6.8,23.0,1.0,101.0
10.0,6.0,5.5,6.1,16.0,1.0,81.0
10.0,6.0,5.5,4.8,20.0,1.0,76.0
10.0,6.0,5.0,1.8,158.0,1.0,90.0
10.0,6.0,5.5,7.1,12.0,1.0,84.0
10.0,6.0,2.0,2.8,17.0,1.0,79.0
10.0,6.0,3.0,6.2,39.0,1.0,78.0
10.0,5.0,6.5,7.0,31.0,1.0,99.0
10.0,5.0,7.0,6.2,13.0,1.0,99.0
10.0,8.0,1.5,6.2,131.0,1.0,97.5
10.0,5.0,6.0,7.2,56.0,1.0,100.0
10.0,8.0,5.0,6.6,7.0,1.0,107.0
10.0,5.0,1.0,7.1,243.0,1.0,112.0
10.0,5.0,6.0,6.9,18.0,1.0,101.0
10.0,5.0,6.0,7.2,29.0,1.0,106.0
10.0,6.0,7.0,4.5,13.0,1.0,83.0
10.0,5.0,5.5,5.0,20.0,1.0,83.0
10.0,1.0,5.5,6.3,100.0,1.0,105.0
10.0,6.0,2.0,3.9,53.0,1.0,80.0
10.0,5.0,1.0,7.1,188.0,1.0,100.0
10.0,8.0,2.0,6.2,69.0,1.0,84.0
10.0,10.0,5.0,4.4,13.0,1.0,100.0
10.0,5.0,2.0,7.1,67.0,1.0,118.0
10.0,8.0,4.5,7.2,183.0,1.0,90.0
10.0,2.0,3.0,6.6,18.0,1.0,96.0
10.0,8.0,8.0,7.6,187222.0,1.0,101.0
10.0,6.0,9.0,7.8,43.0,1.0,92.0
10.0,3.0,6.5,5.3,9.0,1.0,82.0
10.0,5.0,7.0,6.1,12.0,1.0,82.0
11.0,5.0,5.5,4.8,104.0,1.0,110.0
11.0,6.0,1.0,6.9,148.0,1.0,100.0
11.0,6.0,7.0,4.7,12.0,1.0,82.0
11.0,5.0,6.0,7.4,10.0,1.0,94.0
11.0,3.0,2.0,4.2,61.0,1.0,75.0
11.0,5.0,6.0,4.3,27.0,1.0,85.0
11.0,6.0,7.0,6.3,11.0,1.0,84.5
11.0,6.0,5.0,7.2,230.0,1.0,104.0
11.0,6.0,2.5,4.4,26.0,1.0,83.0
11.0,6.0,6.0,4.9,18.0,1.0,108.0
11.0,5.0,4.5,6.4,7.0,1.0,95.0
11.0,6.0,6.0,5.1,9.0,1.0,86.5
11.0,5.0,6.0,6.7,17.0,1.0,91.5
11.0,5.0,5.5,7.6,49.0,1.0,95.5
11.0,6.0,6.0,7.1,14.0,1.0,113.0
11.0,5.0,4.5,5.3,7.0,1.0,86.5
11.0,3.0,3.0,3.9,7.0,1.0,94.0
11.0,5.0,7.0,6.1,12.0,1.0,84.0
11.0,5.0,6.0,6.9,17.0,1.0,90.0
11.0,6.0,7.5,4.2,33.0,1.0,83.5
11.0,3.0,6.0,4.4,27.0,1.0,83.0
11.0,5.0,6.0,7.6,90.0,1.0,108.0
11.0,5.0,1.5,8.4,75.0,1.0,90.0
11.0,6.0,6.0,4.9,19.0,1.0,90.0
11.0,5.0,6.0,3.9,8.0,1.0,90.0
11.0,5.0,2.5,7.5,59.0,1.0,75.0
11.0,3.0,4.5,6.0,6.0,1.0,94.0
11.0,6.0,3.5,3.0,7.0,1.0,100.0
11.0,6.0,7.0,4.9,13.0,1.0,105.0
11.0,3.0,6.0,4.3,34.0,1.0,85.0
11.0,6.0,2.5,5.7,27.0,1.0,88.0
11.0,6.0,7.0,2.9,10.0,1.0,95.0
11.0,6.0,4.5,7.2,6.0,1.0,95.0
11.0,5.0,9.0,5.8,46.0,1.0,90.0
11.0,8.0,6.0,6.4,58.0,1.0,100.0
11.0,8.0,5.5,4.7,21.0,1.0,80.5
11.0,5.0,4.5,7.4,7.0,1.0,95.0
11.0,8.0,4.5,3.4,136.0,1.0,85.0
11.0,5.0,6.0,6.1,14.0,1.0,101.5
11.0,5.0,6.0,7.5,69.0,1.0,97.0
11.0,3.0,7.0,4.0,12.0,1.0,75.0
11.0,6.0,7.0,6.0,11.0,1.0,88.5
11.0,5.0,7.0,4.0,11.0,1.0,85.0
11.0,5.0,6.0,6.1,18.0,1.0,94.0
11.0,3.0,7.0,5.1,10.0,1.0,81.0
11.0,5.0,7.0,5.6,10.0,1.0,83.0
11.0,3.0,9.0,2.5,26.0,1.0,74.0
11.0,6.0,5.5,3.0,14.0,1.0,90.0
11.0,5.0,6.0,7.1,10.0,1.0,89.5
11.0,6.0,5.5,4.6,14.0,1.0,94.0
11.0,6.0,5.5,3.0,17.0,1.0,77.0
11.0,6.0,7.0,4.2,38.0,1.0,85.5
11.0,3.0,6.0,5.7,17.0,1.0,88.5
11.0,3.0,2.0,5.1,34.0,1.0,84.0
11.0,6.0,2.5,6.0,20.0,1.0,85.0
11.0,3.0,3.0,3.4,9.0,1.0,90.0
11.0,6.0,2.5,5.8,24.0,1.0,105.0
11.0,8.0,2.0,6.8,247.0,1.0,100.0
11.0,3.0,2.0,4.0,68.0,1.0,90.0
11.0,5.0,7.0,6.2,11.0,1.0,85.0
11.0,6.0,7.5,6.7,35.0,1.0,90.5
11.0,1.0,2.5,6.8,209.0,1.0,93.0
11.0,5.0,9.0,7.0,42.0,1.0,85.5
11.0,5.0,4.5,6.6,7.0,1.0,92.0
11.0,2.0,3.0,4.0,6.0,1.0,90.0
11.0,6.0,6.0,5.9,19.0,1.0,100.0
11.0,3.0,5.5,4.1,22.0,1.0,88.5
11.0,5.0,6.0,5.0,8.0,1.0,87.0
11.0,6.0,7.0,4.5,11.0,1.0,90.0
11.0,5.0,4.5,6.0,7.0,1.0,89.5
11.0,5.0,3.0,8.0,36.0,1.0,90.5
11.0,3.0,6.0,5.2,20.0,1.0,90.0
11.0,3.0,7.0,3.6,14.0,1.0,75.0
11.0,6.0,3.5,3.8,8.0,1.0,95.0
11.0,3.0,5.5,3.8,21.0,1.0,88.5
11.0,3.0,9.0,5.2,45.0,1.0,90.0
12.0,6.0,7.0,3.4,11.0,1.0,82.0
12.0,3.0,5.5,3.5,190.0,1.0,80.0
12.0,3.0,2.5,5.4,19.0,1.0,90.0
12.0,6.0,6.0,5.4,24.0,1.0,97.5
12.0,6.0,9.0,2.8,19.0,1.0,89.0
12.0,6.0,9.5,6.2,38.0,1.0,110.0
12.0,6.0,6.0,6.1,20.0,1.0,90.0
12.0,6.0,4.5,5.5,8.0,1.0,90.0
12.0,5.0,9.0,7.1,224.0,1.0,79.0
12.0,3.0,6.0,3.3,14.0,1.0,90.0
12.0,3.0,6.0,4.8,21.0,1.0,87.0
12.0,3.0,3.5,5.0,7.0,1.0,98.0
12.0,5.0,5.5,6.9,138.0,1.0,98.0
12.0,5.0,3.0,6.6,236.0,1.0,97.0
12.0,6.0,9.0,6.1,76.0,1.0,108.0
12.0,12.0,4.5,4.4,7.0,1.0,105.0
12.0,6.0,3.5,3.1,8.0,1.0,100.0
12.0,3.0,6.0,4.7,25.0,1.0,94.5
12.0,3.0,2.5,3.8,27.0,1.0,90.0
12.0,3.0,6.0,4.9,16.0,1.0,87.0
12.0,6.0,6.0,6.4,19.0,1.0,105.0
12.0,5.0,9.5,6.6,36.0,1.0,92.0
12.0,5.0,7.0,5.9,37.0,1.0,91.0
12.0,5.0,9.0,6.8,48.0,1.0,87.0
12.0,6.0,5.5,4.3,18.0,1.0,85.0
12.0,3.0,6.0,4.4,17.0,1.0,90.0
12.0,6.0,3.0,5.6,198.0,1.0,118.0
12.0,5.0,4.5,5.8,6.0,1.0,97.5
12.0,6.0,6.0,6.0,10.0,1.0,92.0
12.0,3.0,9.0,6.8,269.0,1.0,80.0
12.0,5.0,5.5,6.0,177.0,1.0,120.0
12.0,5.0,1.0,6.2,107.0,1.0,120.0
12.0,5.0,8.0,6.9,49.0,1.0,95.5
12.0,6.0,2.5,6.2,25.0,1.0,97.5
12.0,3.0,6.0,3.8,20.0,1.0,90.0
12.0,6.0,4.0,3.3,9.0,1.0,97.0
12.0,3.0,2.5,4.9,54.0,1.0,90.0
12.0,3.0,6.0,3.8,24.0,1.0,90.0
12.0,5.0,7.0,6.5,2846.0,1.0,95.0
12.0,6.0,6.0,3.5,24.0,1.0,97.5
12.0,3.0,2.0,5.5,59.0,1.0,90.0
12.0,6.0,3.5,1.9,8.0,1.0,90.0
12.0,8.0,7.0,6.2,310.0,1.0,100.0
12.0,8.0,8.0,6.7,9991.0,1.0,134.0
12.0,6.0,4.5,2.8,6.0,1.0,86.0
12.0,3.0,6.0,4.7,28.0,1.0,76.0
12.0,5.0,2.0,6.7,120.0,1.0,131.0
12.0,5.0,6.0,3.6,14.0,1.0,90.0
12.0,6.0,6.0,2.5,15.0,1.0,90.0
12.0,3.0,1.5,6.8,1803.0,1.0,115.0
12.0,3.0,2.5,3.6,17.0,1.0,80.0
12.0,3.0,6.0,4.1,21.0,1.0,88.5
12.0,3.0,7.0,2.9,11.0,1.0,89.0
12.0,6.0,9.0,6.7,46.0,1.0,100.0
12.0,4.0,5.5,6.6,167.0,1.0,108.5
12.0,5.0,5.5,4.3,18.0,1.0,80.0
12.0,5.0,3.0,4.6,21.0,1.0,107.0
12.0,8.0,6.0,7.0,20.0,1.0,97.5
12.0,5.0,6.0,7.5,69.0,1.0,104.0
12.0,5.0,3.0,7.2,24.0,1.0,90.0
12.0,6.0,6.0,5.0,13.0,1.0,93.5
12.0,4.0,1.0,6.8,352.0,1.0,120.0
12.0,6.0,7.0,8.2,6.0,1.0,90.0
12.0,6.0,7.0,6.1,12.0,1.0,89.0
12.0,5.0,9.0,5.7,15.0,1.0,101.5
12.0,8.0,4.5,6.7,255.0,1.0,110.0
12.0,3.0,9.0,4.2,41.0,1.0,90.5
12.0,6.0,9.0,4.0,22.0,1.0,102.0
12.0,6.0,9.0,3.0,42.0,1.0,82.0
12.0,3.0,5.5,2.9,20.0,1.0,90.0
12.0,3.0,4.0,5.5,6.0,1.0,90.0
12.0,3.0,9.5,5.1,38.0,1.0,85.0
12.0,6.0,6.0,6.6,9.0,1.0,90.0
12.0,8.0,8.5,6.0,16.0,1.0,90.0
12.0,3.0,6.0,5.3,24.0,1.0,90.0
12.0,6.0,9.0,5.8,43.0,1.0,87.0
12.0,5.0,3.0,5.5,58.0,1.0,82.5
12.0,6.0,5.5,5.5,20.0,1.0,87.5
12.0,6.0,6.0,4.5,24.0,1.0,90.0
13.0,5.0,5.5,6.7,76.0,1.0,114.0
13.0,3.0,9.0,4.8,42.0,1.0,90.0
13.0,5.0,3.0,5.2,26.0,1.0,94.5
13.0,6.0,3.5,2.8,6.0,1.0,82.0
13.0,6.0,4.5,2.2,6.0,1.0,86.0
13.0,5.0,5.5,6.1,215.0,1.0,77.0
13.0,5.0,5.5,3.4,17.0,1.0,85.0
13.0,6.0,3.0,6.7,23.0,1.0,89.0
13.0,5.0,6.0,6.9,15.0,1.0,90.0
13.0,5.0,3.0,7.3,23.0,1.0,89.5
13.0,6.0,6.0,4.5,20.0,1.0,90.0
13.0,5.0,6.0,6.0,17.0,1.0,90.0
13.0,6.0,2.5,7.5,55.0,1.0,95.0
13.0,6.0,6.0,2.7,7.0,1.0,90.0
13.0,6.0,9.0,4.8,45.0,1.0,95.0
13.0,5.0,8.0,6.7,49.0,1.0,104.0
13.0,5.0,9.5,6.1,37.0,1.0,90.0
13.0,5.0,9.0,5.8,40.0,1.0,45.0
13.0,2.0,1.5,7.5,296.0,1.0,90.0
13.0,5.0,2.5,6.6,29.0,1.0,80.0
13.0,6.0,9.0,5.3,40.0,1.0,75.0
13.0,3.0,6.0,2.6,14.0,1.0,90.0
13.0,3.0,5.5,3.1,29.0,1.0,83.0
13.0,3.0,9.0,3.7,23.0,1.0,90.0
13.0,3.0,6.0,2.7,22.0,1.0,80.0
13.0,5.0,9.5,5.3,35.0,1.0,127.0
13.0,2.0,3.0,4.3,16.0,1.0,88.5
13.0,5.0,7.0,4.6,9.0,1.0,112.0
13.0,2.0,5.5,7.0,32.0,1.0,90.0
13.0,6.0,9.0,4.8,44.0,1.0,88.0
13.0,6.0,7.0,4.4,34.0,1.0,108.5
13.0,5.0,4.5,5.2,5.0,1.0,90.0
13.0,3.0,8.0,5.1,195.0,1.0,89.0
13.0,3.0,2.5,4.4,26.0,1.0,99.0
13.0,6.0,5.5,3.2,19.0,1.0,89.5
13.0,5.0,6.0,6.7,14.0,1.0,101.5
13.0,3.0,9.0,5.3,169.0,1.0,108.5
13.0,4.0,3.0,7.8,2045.0,1.0,124.0
13.0,5.0,4.0,4.6,11.0,1.0,86.0
13.0,5.0,2.5,6.7,85.0,1.0,126.0
13.0,5.0,9.0,6.5,76.0,1.0,102.0
13.0,6.0,6.0,6.0,20.0,1.0,97.5
13.0,6.0,6.0,1.4,9.0,1.0,90.0
13.0,5.0,3.5,5.3,7.0,1.0,105.0
13.0,5.0,6.0,6.0,13.0,1.0,89.5
13.0,5.0,9.0,6.7,43.0,1.0,107.0
13.0,6.0,6.0,3.0,8.0,1.0,96.5
13.0,6.0,6.0,4.0,14.0,1.0,90.0
13.0,6.0,9.5,4.3,35.0,1.0,90.0
13.0,5.0,9.0,5.5,73.0,1.0,108.0
13.0,6.0,6.0,4.2,15.0,1.0,90.0
13.0,6.0,5.0,6.2,54.0,1.0,100.0
13.0,4.0,9.5,7.2,39.0,1.0,90.0
13.0,3.0,6.0,2.8,17.0,1.0,90.0
13.0,3.0,7.0,3.8,36.0,1.0,106.0
13.0,5.0,9.0,6.9,276.0,1.0,104.5
13.0,3.0,6.0,3.5,16.0,1.0,90.0
13.0,5.0,6.0,5.0,21.0,1.0,102.0
13.0,6.0,6.0,4.3,18.0,1.0,90.0
13.0,6.0,9.0,5.7,46.0,1.0,97.0
13.0,11.0,6.0,1.5,13.0,1.0,91.0
13.0,6.0,7.0,3.5,32.0,1.0,102.5
13.0,11.0,5.5,6.8,18.0,1.0,97.5
13.0,5.0,9.0,4.5,42.0,1.0,86.0
13.0,6.0,6.0,4.0,10.0,1.0,90.0
13.0,5.0,6.0,8.0,12.0,1.0,86.5
13.0,3.0,2.0,5.9,248.0,1.0,106.0
13.0,3.0,3.0,3.4,58.0,1.0,105.0
13.0,6.0,4.5,3.8,6.0,1.0,90.0
13.0,3.0,3.0,5.9,16.0,1.0,88.5
13.0,6.0,3.0,6.7,90.0,1.0,95.0
13.0,3.0,6.0,3.2,21.0,1.0,90.0
13.0,6.0,2.5,5.0,22.0,1.0,97.0
13.0,6.0,4.5,3.1,7.0,1.0,93.0
13.0,5.0,2.0,7.1,981.0,1.0,130.0
13.0,6.0,6.0,4.9,16.0,1.0,90.0
13.0,5.0,7.0,4.8,34.0,1.0,108.5
14.0,6.0,4.0,7.1,305.0,1.0,104.0
14.0,3.0,5.5,4.9,30.0,1.0,83.0
14.0,5.0,2.0,6.7,33.0,1.0,90.0
14.0,3.0,2.5,3.1,27.0,1.0,90.0
14.0,5.0,9.0,4.3,46.0,1.0,110.0
14.0,10.0,1.5,7.0,875.0,1.0,102.0
14.0,3.0,6.0,5.8,12.0,1.0,97.0
14.0,6.0,5.5,5.2,32.0,1.0,115.0
14.0,3.0,9.0,1.7,30.0,1.0,83.0
14.0,6.0,4.5,6.5,216.0,1.0,105.0
14.0,3.0,9.5,5.8,38.0,1.0,95.0
14.0,3.0,3.0,4.7,23.0,1.0,90.0
14.0,5.0,6.0,5.8,14.0,1.0,90.0
14.0,3.0,1.0,5.7,155.0,1.0,114.5
14.0,3.0,9.5,4.8,35.0,1.0,111.0
14.0,5.0,6.0,5.6,8.0,1.0,101.0
14.0,3.0,9.0,5.2,79.0,1.0,112.0
14.0,3.0,6.0,5.0,23.0,1.0,91.0
14.0,5.0,9.0,6.9,45.0,2.0,120.0
14.0,5.0,9.0,7.5,70.0,1.0,105.0
14.0,5.0,2.0,5.6,132.0,1.0,105.0
14.0,3.0,2.0,2.2,29.0,1.0,90.0
14.0,5.0,4.0,6.4,8.0,1.0,97.0
14.0,6.0,9.0,7.3,45.0,1.0,94.0
14.0,3.0,3.0,3.6,14.0,1.0,98.0
14.0,6.0,4.0,7.1,397.0,1.0,118.0
14.0,3.0,9.0,5.1,44.0,1.0,105.0
14.0,3.0,9.5,3.9,39.0,1.0,91.0
14.0,6.0,1.0,6.9,360.0,1.0,120.5
14.0,3.0,4.0,4.4,11.0,1.0,93.0
14.0,5.0,9.0,7.0,45.0,1.0,107.0
14.0,3.0,2.5,4.3,27.0,1.0,94.5
14.0,3.0,9.5,4.9,39.0,1.0,87.0
14.0,5.0,5.0,7.9,54.0,1.0,90.0
14.0,3.0,9.5,3.9,40.0,1.0,89.0
14.0,5.0,2.5,6.4,21.0,1.0,85.0
14.0,5.0,5.0,6.8,179.0,1.0,94.0
14.0,3.0,6.0,4.6,8.0,1.0,105.0
15.0,10.0,2.0,6.5,119.0,1.0,104.0
15.0,3.0,8.0,5.8,49.0,1.0,95.5
15.0,6.0,2.0,7.5,379.0,1.0,95.0
15.0,5.0,3.5,7.6,5.0,1.0,70.0
15.0,5.0,1.5,6.8,150.0,1.0,110.0
15.0,5.0,2.5,5.8,25.0,1.0,90.0
15.0,5.0,9.0,6.2,69.0,1.0,110.0
15.0,3.0,6.0,5.1,22.0,1.0,94.0
15.0,6.0,7.0,4.5,11.0,1.0,110.0
15.0,3.0,2.5,4.7,54.0,1.0,95.0
15.0,5.0,2.0,6.6,291.0,1.0,112.5
15.0,2.0,9.0,6.2,72.0,1.0,108.5
15.0,11.0,8.0,5.1,11.0,1.0,106.5
15.0,6.0,4.0,7.2,317.0,1.0,105.0
15.0,5.0,6.0,5.1,15.0,1.0,104.0
15.0,5.0,3.0,6.0,57.0,1.0,95.0
15.0,6.0,6.0,6.6,22.0,1.0,87.0
15.0,5.0,7.0,6.4,398.0,1.0,117.5
15.0,5.0,9.5,5.7,34.0,1.0,108.5
15.0,5.0,9.0,5.6,39.0,1.0,66.0
15.0,3.0,9.0,6.5,139.0,1.0,98.0
15.0,5.0,5.5,6.7,281.0,1.0,114.0
15.0,5.0,2.0,7.1,27.0,1.0,89.5
15.0,3.0,4.0,6.1,403.0,1.0,117.5
16.0,5.0,2.5,3.6,23.0,1.0,105.0
16.0,5.0,2.0,7.3,87.0,1.0,110.0
16.0,8.0,6.0,6.9,11.0,1.0,122.0
16.0,5.0,2.0,6.4,117.0,1.0,117.5
16.0,2.0,5.0,6.5,54.0,1.0,101.0
16.0,5.0,9.5,6.0,38.0,1.0,100.0
16.0,6.0,4.5,7.4,447.0,1.0,109.0
16.0,5.0,6.0,7.2,15.0,1.0,102.0
16.0,1.0,3.5,7.6,840.0,1.0,147.0
16.0,2.0,6.0,6.2,6.0,1.0,89.5
16.0,4.0,1.5,7.6,1240.0,2.0,115.5
16.0,5.0,6.0,5.4,16.0,1.0,118.0
16.0,3.0,9.0,6.9,71.0,1.0,112.0
16.0,3.0,3.0,5.4,21.0,1.0,97.0
16.0,5.0,9.0,7.2,78.0,1.0,105.0
16.0,5.0,5.5,6.4,110.0,1.0,105.0
16.0,5.0,9.5,7.3,36.0,1.0,105.0
16.0,11.0,8.0,5.2,10.0,1.0,98.5
16.0,5.0,6.0,5.8,63.0,1.0,114.0
16.0,6.0,8.0,5.5,49.0,1.0,95.5
17.0,6.0,5.5,6.0,201.0,1.0,103.5
17.0,3.0,3.0,6.6,20.0,1.0,94.0
17.0,5.0,6.0,7.4,16.0,1.0,86.0
17.0,4.0,10.0,5.9,39.0,1.0,91.0
17.0,5.0,6.0,4.9,14.0,1.0,92.0
17.0,5.0,6.0,7.1,233.0,1.0,86.0
17.0,5.0,3.5,6.8,6.0,1.0,109.0
17.0,5.0,7.0,6.9,49.0,1.0,108.0
17.0,6.0,6.0,3.9,7.0,1.0,87.0
17.0,6.0,3.5,7.2,5.0,1.0,146.0
18.0,6.0,1.5,7.2,771.0,1.0,129.0
18.0,5.0,5.0,5.9,53.0,1.0,112.0
18.0,5.0,5.5,6.7,94.0,1.0,107.5
18.0,6.0,6.0,3.2,13.0,1.0,92.5
18.0,5.0,1.0,6.1,470.0,1.0,262.0
18.0,6.0,5.5,7.0,103.0,1.0,116.0
18.0,6.0,2.0,5.0,31.0,1.0,102.5
18.0,5.0,5.0,6.1,7.0,1.0,99.5
18.0,3.0,5.5,6.0,136.0,1.0,101.5
18.0,5.0,5.0,6.2,8.0,1.0,99.5
19.0,6.0,2.5,6.0,27.0,1.0,92.5
19.0,6.0,9.5,6.6,41.0,1.0,93.5
19.0,6.0,8.0,6.0,45.0,1.0,88.0
19.0,5.0,5.0,5.8,6.0,1.0,99.5
19.0,13.0,9.0,7.1,11.0,1.0,75.0
19.0,5.0,6.0,6.1,19.0,1.0,84.0
19.0,5.0,2.0,7.4,98.0,1.0,120.0
19.0,5.0,5.5,6.8,132.0,1.0,105.0
19.0,3.0,9.5,4.2,37.0,1.0,100.0
19.0,5.0,3.0,4.7,18.0,1.0,88.5
19.0,5.0,5.0,7.8,2445.0,1.0,112.0
20.0,5.0,3.0,4.9,15.0,1.0,93.0
20.0,6.0,5.5,6.4,110.0,1.0,90.0
20.0,5.0,2.5,7.5,21.0,1.0,89.0
20.0,5.0,1.0,7.2,189.0,1.0,106.0
20.0,3.0,1.0,6.6,326.0,1.0,102.0
20.0,8.0,9.0,4.1,7.0,1.0,120.0
20.0,5.0,8.0,7.2,8.0,1.0,90.0
21.0,4.0,1.0,7.8,640.0,1.0,112.0
21.0,8.0,9.0,6.3,6.0,1.0,105.0
21.0,5.0,8.5,6.1,45.0,1.0,82.0
22.0,8.0,5.5,6.8,105.0,1.0,103.0
23.0,8.0,9.0,7.3,12.0,1.0,86.5
23.0,10.0,6.0,7.6,226.0,1.0,82.5
24.0,14.0,5.0,6.9,116.0,4.0,97.0
25.0,5.0,8.5,4.6,17.0,1.0,71.5
25.0,3.0,8.5,6.6,15.0,1.0,51.0
25.0,5.0,9.0,5.7,10.0,1.0,85.5
25.0,3.0,8.5,6.8,17.0,1.0,60.0
25.0,5.0,9.0,7.0,5.0,1.0,78.0
25.0,5.0,9.0,6.4,7.0,1.0,71.0
26.0,5.0,8.5,7.4,42.0,1.0,125.0
26.0,5.0,9.0,5.8,13.0,1.0,73.0
26.0,5.0,6.0,8.0,11.0,1.0,100.0
26.0,15.0,8.0,6.3,6.0,1.0,95.0
26.0,8.0,8.0,5.1,88.0,2.0,90.0
27.0,5.0,9.0,5.4,5.0,1.0,72.5
27.0,15.0,9.0,4.8,13.0,1.0,81.5
27.0,3.0,8.0,6.2,6.0,1.0,84.0
27.0,5.0,9.0,6.6,5.0,1.0,60.0
27.0,5.0,9.0,2.4,5.0,1.0,85.0
27.0,6.0,5.0,6.5,25.0,1.0,83.0
27.0,5.0,9.0,5.6,14.0,1.0,66.5
27.0,5.0,8.5,5.9,18.0,1.0,83.0
27.0,5.0,9.0,7.5,8.0,1.0,80.5
27.0,6.0,8.0,4.7,6.0,1.0,85.0
27.0,5.0,9.5,6.8,40.0,1.0,118.0
27.0,10.0,9.0,6.6,10.0,1.0,68.0
28.0,6.0,9.0,7.9,7.0,1.0,86.0
28.0,5.0,8.5,5.1,14.0,1.0,60.0
28.0,5.0,8.0,5.0,5.0,1.0,85.0
28.0,5.0,5.0,6.7,372.0,6.0,93.0
28.0,8.0,8.0,5.4,397.0,2.0,98.0
28.0,15.0,9.0,5.0,8.0,1.0,81.5
29.0,8.0,8.0,4.2,253.0,1.0,105.0
29.0,6.0,9.0,7.2,9.0,1.0,88.0
29.0,5.0,8.5,6.7,43.0,1.0,121.5
29.0,3.0,8.5,5.6,7.0,1.0,92.0
29.0,8.0,8.0,5.2,470.0,2.0,97.0
29.0,6.0,5.5,6.8,35.0,1.0,88.0
29.0,6.0,8.5,7.1,9.0,1.0,90.0
29.0,6.0,4.5,6.7,24.0,1.0,88.0
29.0,3.0,8.5,6.6,9.0,1.0,86.0
30.0,5.0,8.5,6.2,15.0,1.0,88.0
30.0,6.0,4.5,7.3,27.0,1.0,85.5
30.0,5.0,8.5,6.2,13.0,1.0,88.0
30.0,8.0,8.0,6.8,31.0,1.0,85.0
30.0,5.0,9.0,7.6,9.0,1.0,86.5
30.0,3.0,9.0,5.8,10.0,1.0,72.0
30.0,3.0,8.5,4.9,9.0,1.0,86.0
30.0,5.0,9.0,5.0,7.0,1.0,86.0
30.0,3.0,8.0,5.6,21.0,1.0,82.0
30.0,5.0,8.5,6.2,8.0,1.0,86.0
30.0,5.0,9.0,7.7,6.0,1.0,82.0
30.0,6.0,9.0,7.9,7.0,1.0,88.5
30.0,6.0,8.5,6.7,16.0,1.0,88.0
30.0,5.0,4.5,7.2,29.0,1.0,90.0
30.0,5.0,8.5,5.4,9.0,1.0,105.0
31.0,5.0,8.5,3.8,6.0,1.0,86.0
31.0,5.0,8.5,7.4,10.0,1.0,83.0
31.0,5.0,4.5,6.2,20.0,1.0,83.5
31.0,6.0,4.5,7.3,24.0,1.0,84.5
31.0,3.0,9.0,5.4,5.0,1.0,81.0
31.0,8.0,9.0,7.4,7.0,1.0,88.5
31.0,5.0,4.5,7.5,31.0,1.0,86.5
31.0,6.0,8.5,6.7,19.0,1.0,85.0
31.0,8.0,9.0,5.6,10.0,1.0,97.5
31.0,5.0,8.5,8.2,6.0,1.0,95.0
31.0,5.0,8.5,8.7,15.0,1.0,88.0
31.0,6.0,9.0,5.5,13.0,1.0,113.5
32.0,8.0,5.0,6.5,123.0,1.0,92.0
32.0,5.0,8.5,5.9,9.0,1.0,90.0
32.0,4.0,8.5,5.8,5.0,1.0,94.0
32.0,6.0,9.0,4.6,8.0,1.0,97.5
32.0,5.0,9.0,6.7,7.0,1.0,101.5
32.0,3.0,9.0,3.8,6.0,1.0,74.0
32.0,5.0,8.5,7.5,11.0,1.0,139.0
32.0,8.0,11.0,5.6,1483.0,1.0,108.5
32.0,6.0,8.0,7.1,22.0,1.0,81.0
32.0,8.0,9.0,7.9,8.0,1.0,98.0
32.0,4.0,9.0,6.0,7.0,1.0,101.5
32.0,3.0,9.0,4.6,12.0,1.0,80.0
33.0,5.0,9.0,7.1,7.0,1.0,101.5
33.0,5.0,4.5,6.9,27.0,1.0,96.5
33.0,8.0,8.0,4.3,20.0,2.0,83.0
33.0,5.0,8.5,6.3,6.0,1.0,97.0
33.0,5.0,8.5,6.9,8.0,1.0,106.0
33.0,8.0,8.0,4.7,123.0,2.0,98.5
33.0,6.0,4.5,7.0,19.0,1.0,83.0
33.0,3.0,8.5,5.0,5.0,1.0,86.0
33.0,8.0,7.0,4.4,89.0,1.0,93.0
33.0,4.0,9.0,4.3,9.0,1.0,106.0
33.0,3.0,4.5,5.1,18.0,1.0,87.5
33.0,8.0,4.5,7.5,26.0,1.0,89.5
33.0,3.0,4.5,6.2,27.0,1.0,95.0
33.0,5.0,5.5,7.4,150.0,1.0,99.0
34.0,5.0,9.0,8.5,12.0,1.0,114.5
34.0,10.0,7.0,4.0,46.0,1.0,87.0
34.0,5.0,7.0,7.1,49.0,1.0,96.0
34.0,6.0,4.5,8.0,23.0,1.0,89.5
34.0,6.0,4.5,6.7,30.0,1.0,93.5
34.0,1.0,8.5,7.6,5.0,1.0,131.0
34.0,8.0,8.5,4.8,5.0,1.0,95.0
34.0,5.0,9.0,7.4,9.0,1.0,98.0
34.0,5.0,9.0,8.2,11.0,1.0,111.0
34.0,8.0,7.5,5.2,241.0,1.0,87.0
34.0,8.0,8.5,5.4,16.0,1.0,90.0
34.0,5.0,8.5,5.6,7.0,1.0,122.0
34.0,6.0,8.0,7.1,198.0,1.0,83.0
34.0,8.0,8.5,4.7,6.0,7.0,90.0
34.0,4.0,9.0,4.5,65.0,1.0,88.0
34.0,8.0,7.0,5.8,54.0,1.0,90.0
34.0,3.0,4.5,6.4,19.0,1.0,90.0
35.0,3.0,7.5,4.2,41.0,1.0,83.0
35.0,5.0,9.0,5.8,5.0,1.0,145.0
35.0,6.0,8.5,7.9,7.0,1.0,88.0
35.0,8.0,9.0,7.0,160.0,1.0,88.0
35.0,5.0,4.5,7.0,20.0,1.0,85.5
35.0,6.0,7.0,7.8,51.0,1.0,96.0
35.0,5.0,8.5,8.0,5.0,1.0,93.0
35.0,3.0,8.5,8.2,15.0,1.0,88.0
35.0,5.0,8.5,7.0,6.0,1.0,181.0
35.0,8.0,7.5,5.7,220.0,1.0,88.0
35.0,15.0,7.5,5.9,37.0,1.0,84.0
35.0,5.0,1.0,7.6,25.0,1.0,98.0
35.0,6.0,8.5,8.2,5.0,1.0,90.0
35.0,5.0,8.5,8.1,15.0,1.0,90.0
36.0,3.0,8.5,4.4,5.0,1.0,100.0
36.0,8.0,8.5,6.8,6.0,1.0,92.0
36.0,5.0,8.5,5.2,5.0,1.0,109.0
36.0,5.0,8.5,7.2,12.0,1.0,94.5
36.0,6.0,4.5,6.6,34.0,1.0,88.5
36.0,8.0,4.5,6.4,22.0,1.0,89.5
36.0,8.0,4.0,5.8,43.0,1.0,88.5
36.0,5.0,8.5,7.7,6.0,1.0,100.0
36.0,5.0,4.0,6.8,31.0,1.0,92.0
36.0,8.0,4.5,4.7,17.0,1.0,95.0
36.0,5.0,9.0,7.2,6.0,1.0,140.5
36.0,5.0,9.0,6.3,6.0,1.0,140.5
36.0,8.0,8.0,6.1,22.0,1.0,79.5
36.0,5.0,4.5,6.6,20.0,1.0,85.5
36.0,5.0,8.5,5.8,12.0,1.0,93.0
36.0,8.0,8.5,6.6,14.0,1.0,92.5
37.0,5.0,8.5,4.3,7.0,1.0,87.0
37.0,4.0,8.0,5.7,400.0,1.0,97.0
37.0,6.0,7.0,7.9,36.0,1.0,88.0
37.0,5.0,8.5,5.8,179.0,1.0,97.0
37.0,5.0,8.5,6.9,8.0,1.0,105.0
37.0,5.0,9.0,7.3,10.0,1.0,101.0
37.0,8.0,7.0,5.4,47.0,1.0,88.5
37.0,8.0,8.5,6.6,14.0,1.0,95.0
37.0,8.0,8.0,5.9,16.0,1.0,97.5
37.0,6.0,4.0,7.1,36.0,1.0,89.0
37.0,3.0,8.5,7.2,14.0,1.0,99.0
38.0,6.0,8.5,7.3,9.0,1.0,97.0
38.0,2.0,4.5,7.3,15.0,1.0,93.5
38.0,5.0,9.0,5.8,6.0,1.0,98.0
38.0,5.0,8.0,7.7,15.0,1.0,94.5
38.0,8.0,7.0,4.4,91.0,1.0,100.0
38.0,8.0,4.0,5.1,32.0,1.0,96.0
38.0,5.0,8.5,7.9,13.0,1.0,94.5
38.0,8.0,8.5,6.0,12.0,1.0,88.5
38.0,6.0,8.0,7.8,65.0,1.0,88.0
38.0,8.0,8.5,5.6,10.0,1.0,90.0
38.0,5.0,9.0,5.3,6.0,1.0,98.0
38.0,15.0,8.5,7.0,8.0,1.0,83.0
38.0,8.0,7.5,6.2,17.0,1.0,100.0
38.0,8.0,8.5,7.2,5.0,1.0,92.0
38.0,15.0,9.0,5.4,10.0,1.0,86.5
38.0,6.0,4.0,7.6,40.0,1.0,88.5
38.0,8.0,7.0,5.3,48.0,1.0,90.0
39.0,8.0,8.0,5.6,13.0,1.0,90.0
39.0,3.0,4.0,6.3,26.0,1.0,94.0
39.0,6.0,8.5,7.0,9.0,1.0,90.0
39.0,6.0,7.5,7.8,68.0,1.0,90.0
39.0,8.0,8.0,5.0,210.0,1.0,74.0
39.0,8.0,7.5,6.4,16.0,1.0,90.0
39.0,8.0,9.0,6.4,7.0,1.0,91.0
39.0,5.0,8.5,4.3,12.0,1.0,87.0
39.0,15.0,7.0,6.5,44.0,1.0,85.5
39.0,3.0,8.0,5.6,378.0,1.0,96.0
39.0,5.0,8.0,7.1,15.0,1.0,97.0
39.0,15.0,8.0,5.9,13.0,1.0,86.5
39.0,5.0,9.0,7.7,6.0,1.0,116.0
39.0,8.0,7.5,6.0,72.0,1.0,86.0
39.0,5.0,7.0,6.2,49.0,1.0,102.0
39.0,5.0,9.0,5.5,6.0,1.0,107.0
39.0,5.0,7.5,8.2,27.0,1.0,110.0
40.0,8.0,9.0,6.9,7.0,1.0,90.0
40.0,5.0,9.0,6.3,6.0,1.0,110.0
40.0,3.0,8.5,4.4,7.0,1.0,97.0
40.0,8.0,7.0,5.6,69.0,1.0,88.0
40.0,8.0,7.5,6.3,203.0,1.0,92.0
40.0,5.0,7.0,7.6,59.0,1.0,90.0
40.0,15.0,3.5,5.7,1040.0,1.0,135.5
40.0,3.0,7.0,6.0,226.0,2.0,81.0
40.0,5.0,7.5,7.8,19.0,1.0,97.5
40.0,3.0,4.5,4.6,28.0,1.0,117.0
40.0,8.0,8.0,5.3,24.0,1.0,78.0
41.0,8.0,4.0,5.1,21.0,2.0,95.0
41.0,5.0,8.5,6.7,6.0,1.0,127.0
41.0,5.0,7.5,5.9,15.0,1.0,95.0
41.0,6.0,7.0,7.7,42.0,1.0,89.0
41.0,6.0,8.5,5.9,8.0,1.0,88.0
41.0,5.0,9.0,8.3,7.0,1.0,107.5
41.0,4.0,7.0,2.9,298.0,1.0,90.0
41.0,5.0,9.0,8.2,5.0,1.0,107.5
41.0,5.0,7.5,7.0,14.0,1.0,111.0
42.0,11.0,7.5,8.0,24.0,1.0,86.5
42.0,5.0,7.5,7.6,27.0,1.0,125.0
42.0,5.0,7.5,7.6,12.0,1.0,127.0
42.0,8.0,7.0,6.7,24.0,1.0,86.5
42.0,5.0,7.5,7.2,29.0,1.0,140.0
42.0,5.0,8.5,7.6,9.0,1.0,107.5
42.0,6.0,8.5,5.8,6.0,1.0,93.0
42.0,3.0,8.5,5.4,9.0,1.0,92.5
43.0,3.0,8.5,6.4,7.0,1.0,111.0
43.0,8.0,7.5,5.9,16.0,1.0,97.5
43.0,6.0,8.5,8.5,6.0,1.0,88.0
43.0,8.0,7.5,5.8,26.0,8.0,83.0
44.0,5.0,7.0,7.7,39.0,1.0,88.5
44.0,8.0,8.5,4.7,7.0,1.0,95.5
44.0,5.0,8.5,7.2,6.0,1.0,95.0
44.0,5.0,9.0,8.4,5.0,1.0,91.5
45.0,6.0,8.0,6.7,6.0,1.0,98.0
45.0,6.0,7.5,6.4,18.0,1.0,105.5
45.0,8.0,4.0,7.1,15.0,1.0,100.0
46.0,8.0,7.5,6.8,11.0,1.0,95.0
47.0,6.0,8.0,6.8,9.0,1.0,111.0
47.0,5.0,7.5,6.5,12.0,1.0,145.0
47.0,4.0,7.5,7.2,16.0,1.0,122.5
48.0,5.0,8.0,5.8,5.0,1.0,110.0
48.0,11.0,7.5,7.4,9.0,1.0,110.0
48.0,6.0,7.5,7.0,20.0,1.0,111.0
48.0,3.0,8.0,5.2,8.0,1.0,95.0
48.0,8.0,7.0,5.6,43.0,1.0,89.5
49.0,3.0,7.5,5.9,28.0,1.0,129.5
49.0,5.0,4.0,8.4,10.0,1.0,104.0
49.0,4.0,7.5,7.4,7.0,1.0,102.5
49.0,5.0,7.5,7.7,20.0,1.0,115.0
49.0,5.0,8.0,6.2,6.0,1.0,110.0
50.0,5.0,7.5,7.1,7.0,1.0,113.5
51.0,5.0,7.5,7.6,9.0,1.0,117.0
52.0,5.0,8.0,6.3,6.0,1.0,92.0
52.0,8.0,7.5,5.8,8.0,1.0,104.5
53.0,14.0,7.5,6.2,6.0,1.0,152.0
54.0,5.0,7.5,7.8,24.0,1.0,119.0
55.0,6.0,8.5,7.4,154.0,1.0,115.0
56.0,6.0,7.5,5.0,7.0,1.0,107.0
57.0,5.0,7.0,7.5,94.0,1.0,101.0
58.0,5.0,4.0,6.4,30.0,1.0,97.0
59.0,5.0,7.5,6.3,9.0,1.0,116.0
60.0,5.0,7.5,6.6,27.0,1.0,150.0
61.0,4.0,7.5,7.0,8.0,1.0,111.5
62.0,15.0,7.5,7.2,11.0,1.0,60.0
